{
  "name": "angular-route",
  "version": "1.7.9",
  "license": "MIT",
  "main": "./angular-route.js",
  "ignore": [],
  "dependencies": {
    "angular": "1.7.9"
  },
  "homepage": "https://github.com/angular/bower-angular-route",
  "_release": "1.7.9",
  "_resolution": {
    "type": "version",
    "tag": "v1.7.9",
    "commit": "ff545591491260ebff98892fac5b26bc34b7e4c4"
  },
  "_source": "https://github.com/angular/bower-angular-route.git",
  "_target": "^1.7.9",
  "_originalSource": "angular-route",
  "_direct": true
}